,loss,accuracy,val_loss,val_accuracy
0,2.7115583419799805,0.22788792848587036,2.1656265258789062,0.340574711561203
1,0.8602092862129211,0.7124281525611877,1.2136902809143066,0.6472413539886475
2,0.4224279820919037,0.8583189845085144,0.9989091753959656,0.7247126698493958
3,0.3000604808330536,0.9004310369491577,0.7219348549842834,0.7993103265762329
4,0.23371319472789764,0.9228591918945312,0.5165567398071289,0.8403448462486267
5,0.20005729794502258,0.935287356376648,0.5340356230735779,0.8381609320640564
6,0.17129206657409668,0.9446839094161987,0.7049100399017334,0.803735613822937
7,0.15243270993232727,0.949899435043335,0.9710881114006042,0.793448269367218
